products,prices
Samsung Galaxy S10 Plus Dual Sim - 128 GB 8 GB Ram 4G LTE Prism Green Sm-G975FzgdXSg,"13,599"
"Samsung Galaxy A32 Dual SIM - 6.4 Inches, 6GB RAM, 128GB, 4G LTE - Awesome Black","6,556"
"Samsung 50 Inch 4K UHD Smart LED TV with Built-in Receiver and Remote Control, Black - UA50AU7000UXEG","7,849"
"Samsung 32 Inch HD Smart LED TV with Built-in Receiver, Black - UA32T5300AUXEG","3,625"
"Samsung Galaxy A13 LTE Android Smartphone, 128GB, 4GB RAM, Dual Sim, Light Blue","5,390"
"Samsung Galaxy A13 LTE Android Smartphone, 64GB, 4GB RAM, Dual Sim, Light Blue","5,395"
"Samsung Galaxy A52 Dual SIM - 6.5 inches, 8 GB RAM, 256 GB - Black","8,999"
"Samsung Galaxy A23 LTE Android Smartphone, 128GB, 4GB RAM, Dual SIM Mobile Phone, White","3,673"
"Samsung Galaxy Watch4 40mm Bluetooth Smartwatch, Pink Gold","2,651"
"Samsung Galaxy Buds Pro, True Wireless Earbuds w/Intelligent Active Noise Canceling, Phantom Black","5,399"
Samsung 40 inch Full HD Smart TV with Built-in Receiver UA40T5300AUXEG - Black,"8,888"
"Samsung Galaxy S20 FE Dual Sim Mobile - 6.5 Inches, 128 GB, 8 GB RAM, 4G - Cloud Navy","19,001"
"Samsung Galaxy Note 20 Ultra, Dual SIM, 6.9 Inch, 256 GB, 12 GB RAM, 5G - Mystic Black","12,899"
Samsung Galaxy A23 Dual SIM BLACK 4GB RAM 128GB 4G,"7,979"
"SAMSUNG 65 Inch TV Crystal Processor 4K LED UA65BU8000UXEG, New Edition - Black","3,600"
"Samsung Galaxy M52 5G Black,RAM 8 GB, 128 GB","9,850"
"Samsung Galaxy A03 CORE Dual sim, 32GB, 2Gb RAM, 4G BLACK","9,850"
"Samsung Galaxy A52s Dual SIM - 128GB, 8GB RAM, 5G, Awesome Mint",289
"Samsung Galaxy A12 Dual SIM Mobile - 6.5 Inch, 64 GB, 4 GB RAM, 4G LTE - Blue","10,499"
"Samsung Galaxy A52s Dual SIM - 128GB, 8GB RAM, 5G, BLACK","4,291"
Samsung PD 45W Super Fast Charger With USB Type - C to Type - C Cable 5A,"16,299"
"SAMSUNG Galaxy A53 5G Mobile Phone SIM, 256GB, 8GB RAM, Black","5,010"
"Samsung Galaxy Tab A7 Lite - 8.7 Inches, 32 GB, 3 GB RAM, 4G LTE - Grey",765
"Samsung Galaxy Z Flip3 5G (One eSIM and one Nano SIM) Smartphone, 256GB , 8GB Phantom Black, 1 - Year Warranty","7,979"
"Samsung Galaxy Watch4 Classic 46mm Bluetooth Smartwatch, Silver - Pre-order","1,495"
"Samsung Galaxy SmartTag (2 Pack) Bluetooth Tracker & Item Locator for Keys, Wallets, Luggage & More, (Oatmeal + Black) (International Version)","1,999"
Samsung Galaxy M52 5G Blue,"3,703"
"Samsung Galaxy A12 Dual SIM Mobile - 6.5 Inch, 64 GB, 4 GB RAM, 4G LTE - Black","5,599"
Samsung M.2 500GB SSD with 1 x Extension Slot Speed 3.0 (up to 3.500MB/s - MZ-V8V500BW),"25,050"
Samsung Galaxy Buds Live R180 Wireless Headphones - Mystic Black,"5,260"
"SAMSUNG Galaxy Watch4 44mm Bluetooth Smartwatch, Silver, -R870NZSAMEA","11,195"
"Samsung Galaxy A23 LTE Android Smartphone, 128GB, 6GB RAM, Dual Sim Mobile Phone - Peach",724
"Samsung A13 4GB Ram, 128GB - White","3,750"
SAMSUNG Dual Sim 12GB RAM 256GB 5G Galaxy S22 Ultra - Phantom Black,"3,683"
"Samsung Galaxy Watch4 Classic 46mm Bluetooth Smartwatch, Black - Pre-order","16,500"
"Samsung Galaxy A72 Dual SIM - 6.7 Inches, 8 GB RAM, 256 GB - White","6,402"
"Samsung SM-B310E Dual Sim - 2G GSM, Blue","25,050"
Samsung Galaxy A13 Dual SIM 64GB 4GB RAM Peach Orange,"29,290"
"Samsung Galaxy A03 CORE Dual sim, 32GB, 2Gb RAM, 4G BLUE","4,019"
"SAMSUNG Galaxy Watch4 40mm Bluetooth Smartwatch, Black, -R860NZKAMEA","5,199"
"SAMSUNG Galaxy Z Flip3 5G Single SIM and e SIM Smartphone, 256GB Storage and 8GB RAM, Cream","9,341"
